X_mm,Y_mm,Mean_Delta,Abs_Delta,Count,Reliability
138.927,-35.256,-2.485,2.485,8.0,1.841
-55.183,132.888,-1.63,1.63,8.0,1.727
-132.827,56.952,-0.994,0.994,8.0,2.512
-132.827,-56.952,3.526,3.526,8.0,1.581
-55.183,-132.888,3.607,3.607,8.0,1.013
55.737,-132.888,5.2,5.2,8.0,0.876
72.375,127.464,6.446,6.446,8.0,2.654
72.375,-2.712,9.151,9.151,8.0,2.138
94.559,62.376,9.574,9.574,8.0,2.79
-49.637,-35.256,9.693,9.693,8.0,2.256
